'administration/opening-hours.htm', 'administration/outofhours.htm', 'businesssupportshub/index.htm', 'council/about-us.htm', 'council/comeragh.htm', 'council/councillors/comeragh/dclune.htm', 'council/councillors/comeragh/joleary.htm', 'council/councillors/comeragh/lbrazil.htm', 'council/councillors/comeragh/spower.htm', 'council/councillors/dungarvan-lismore/cdmcguinness.htm', 'council/councillors/dungarvan-lismore/ddoocey.htm', 'council/councillors/dungarvan-lismore/dgeoghegan.htm', 'council/councillors/dungarvan-lismore/jpratt.htm', 'council/councillors/dungarvan-lismore/mtobin.htm', 'council/councillors/dungarvan-lismore/pnugent.htm', 'council/councillors/dungarvan-lismore/sodonnell.htm', 'council/councillors/dungarvan-lismore/tcronin.htm', 'council/councillors/dungarvan-lismore/tphelan.htm', 'council/councillors/index.htm', 'council/councillors/metropolitan/tramore-watcity-west/ckiely.htm', 'council/councillors/metropolitan/tramore-watcity-west/equinlan.htm', 'council/councillors/metropolitan/tramore-watcity-west/index.htm', 'council/councillors/metropolitan/tramore-watcity-west/jconway.htm', 'council/councillors/metropolitan/tramore-watcity-west/jgriffin.htm', 'council/councillors/metropolitan/tramore-watcity-west/jkelly.htm', 'council/councillors/metropolitan/tramore-watcity-west/losullivan.htm', 'council/councillors/metropolitan/watcity-east/awyse.htm', 'council/councillors/metropolitan/watcity-east/index.htm', 'council/councillors/metropolitan/watcity-east/jpower.htm', 'council/councillors/metropolitan/watcity-east/mroche.htm', 'council/councillors/metropolitan/watcity-east/pfitzgerald.htm', 'council/councillors/metropolitan/watcity-east/skeating.htm', 'council/councillors/metropolitan/watcity-south/dbarry.htm', 'council/councillors/metropolitan/watcity-south/fquinlan.htm', 'council/councillors/metropolitan/watcity-south/index.htm', 'council/councillors/metropolitan/watcity-south/jbailey.htm', 'council/councillors/metropolitan/watcity-south/jhearne.htm', 'council/councillors/metropolitan/watcity-south/jmurphy.htm', 'council/councillors/metropolitan/watcity-south/sryan.htm', 'council/dungarvan-lismore.htm', 'council/metropolitan.htm', 'council/openness-transparency/cpg.htm', 'council/openness-transparency/ethics/ethics-register.htm', 'council/openness-transparency/financials/councillors-expenses.htm', 'council/openness-transparency/financials/donation-statements.htm', 'council/openness-transparency/financials/pay-grades.htm', 'council/openness-transparency/governance/ce.htm', 'council/openness-transparency/governance/management-team.htm', 'council/openness-transparency/governance/mayor.htm', 'council/openness-transparency/protected-disclosures.htm', 'council/openness-transparency/spcs.htm', 'council/plenary.htm', 'council/voting-elections/electoral-areas.htm', 'council/voting-elections/eligibility.htm', 'council/voting-elections/index.htm', 'council/voting-elections/register-electors.htm', 'departments/culture-heritage/creativeireland.htm', 'images/dungarvan-maps.htm', 'index.htm', 'media/environment/Waterford Repair Directory.pdf', 'media/financial/reports.htm', 'media/forms/planning/index.htm', 'media/forms/register/index.htm', 'media/forms/roads/index.htm', 'media/grants/index.htm', 'media/index.htm', 'media/meetings/index.htm', 'media/newspaper-adverts/2018/index.htm', 'media/newspaper-adverts/index.htm', 'media/planninglists/index.htm', 'media/plans_strategies/annual-reports/index.htm', 'media/plans_strategies/annual-service-plan/index.htm', 'media/plans_strategies/bye-laws/index.htm', 'media/plans_strategies/corporate-plan/index.htm', 'media/plans_strategies/development-plan/index.htm', 'media/press-releases/2017/index.htm', 'media/press-releases/index.htm', 'onlinepayments/onlinepayments.htm', 'projects/boundary-commission/index.htm', 'projects/index.htm', 'projects/waterford-cultural-quarter/index.htm', 'waterfordnorthquayssdz/index.htm', 'departments/community-sport/bikeweek.htm', 'departments/community-sport/healthy-waterford.htm', 'departments/community-sport/index.htm', 'departments/community-sport/jpc.htm', 'departments/community-sport/lcdc-committee.htm', 'departments/community-sport/lecp.htm', 'departments/community-sport/ppn/index.htm', 'departments/corporate/communications/foi.htm', 'departments/corporate/communications/foi-publication-scheme.htm', 'departments/corporate/communications/index.htm', 'departments/corporate/communications/privacy-statement.htm', 'departments/corporate/communications/related/foi-disclosure-logs.htm', 'departments/corporate/customer-care.htm', 'departments/corporate/digital-broadband/broadband.htm', 'departments/corporate/digital-broadband/index.htm', 'departments/corporate/ict.htm', 'departments/corporate/index.htm', 'departments/corporate/legal.htm', 'departments/corporate/oifig-na-gaeilge/baile-seirbhise-gaeltachta.htm', 'departments/corporate/oifig-na-gaeilge/index.htm', 'departments/corporate/oifig-na-gaeilge/placenames.htm', 'departments/corporate/oifig-na-gaeilge/tionol-na-deise.htm', 'departments/corporate/property-management.htm', 'departments/culture-heritage/archives/collections/dungarvan.htm', 'departments/culture-heritage/archives/collections/grand-jury.htm', 'departments/culture-heritage/archives/collections/private-papers.htm', 'departments/culture-heritage/archives/collections/workhouses.htm', 'departments/culture-heritage/archives/exhibitions.htm', 'departments/culture-heritage/archives/exhibitions/waterford-ww1/index.htm', 'departments/culture-heritage/archives/index.htm', 'departments/culture-heritage/archives/records-management.htm', 'departments/culture-heritage/arts/documents.htm', 'departments/culture-heritage/arts/music.htm', 'departments/culture-heritage/arts/news-opportunities.htm', 'departments/culture-heritage/arts/programmes.htm', 'departments/culture-heritage/arts/public-art.htm', 'departments/culture-heritage/arts/venues-facilities.htm', 'departments/culture-heritage/commemorations.htm', 'departments/culture-heritage/family-history/burial-records.htm', 'departments/culture-heritage/family-history/census-records.htm', 'departments/culture-heritage/family-history/church-records.htm', 'departments/culture-heritage/family-history/civil-records.htm', 'departments/culture-heritage/family-history/courts-jail-records.htm', 'departments/culture-heritage/family-history/emigration.htm', 'departments/culture-heritage/family-history/estate-records.htm', 'departments/culture-heritage/family-history/graveyards/st-carthages.htm', 'departments/culture-heritage/family-history/graveyards/st-declans.htm', 'departments/culture-heritage/family-history/graveyards/st-marys.htm', 'departments/culture-heritage/family-history/graveyards/st-otterans.htm', 'departments/culture-heritage/family-history/graveyards/st-patricks.htm', 'departments/culture-heritage/family-history/trade-directories.htm', 'departments/culture-heritage/family-history/valuation-books.htm', 'departments/culture-heritage/festivals.htm', 'departments/culture-heritage/heritage/archaeology.htm', 'departments/culture-heritage/heritage/built-heritage.htm', 'departments/culture-heritage/heritage/conservation-faqs.htm', 'departments/culture-heritage/heritage/index.htm', 'departments/culture-heritage/heritage/natural-heritage.htm', 'departments/culture-heritage/heritage/protected-structures.htm', 'departments/culture-heritage/index.htm', 'departments/culture-heritage/museums.htm', 'departments/culture-heritage/viking-triangle.htm', 'departments/economic-development/index.htm', 'departments/economic-development/licences-permits.htm', 'departments/economic-development/organising-event.htm', 'departments/economic-development/purple-flag.htm', 'departments/economic-development/rural-economic-development/membership.htm', 'departments/economic-development/starting-a-business/business-networks.htm', 'departments/economic-development/starting-a-business/casual-trading.htm', 'departments/economic-development/starting-a-business/enterprise-centres.htm', 'departments/economic-development/starting-a-business/index.htm', 'departments/emergency-services/building-control/index.htm', 'departments/emergency-services/fire-service/fire-service.htm', 'departments/emergency-services/index.htm', 'departments/emergency-services/other/civil-defence.htm', 'departments/emergency-services/other/mountain-rescue.htm', 'departments/emergency-services/other/water-safety.htm', 'departments/environment/3-for-sea.htm', 'departments/environment/air-quality/index.htm', 'departments/environment/awareness.htm', 'departments/environment/beaches.htm', 'departments/environment/biodiversity.htm', 'departments/environment/dog-control/breeding.htm', 'departments/environment/dog-control/dog-fouling.htm', 'departments/environment/dog-control/index.htm', 'departments/environment/dog-control/licences.htm', 'departments/environment/dog-control/microchipping.htm', 'departments/environment/dog-control/responsible-dog-ownership.htm', 'departments/environment/dog-control/restricted-breeds.htm', 'departments/environment/horse-control.htm', 'departments/environment/index.htm', 'departments/environment/litter.htm', 'departments/environment/noise.htm', 'departments/environment/parks-openspaces.htm', 'departments/environment/pay-by-weight.htm', 'departments/environment/related/abandoned-vehicles.htm', 'departments/environment/related/ballinamuck-cas.htm', 'departments/environment/related/farm-welfare.htm', 'departments/environment/related/kilbarry-cas.htm', 'departments/environment/temporary-signage.htm', 'departments/environment/vet-services.htm', 'departments/environment/waste-management/bins-recycling.htm', 'departments/environment/waste-management/bring-banks.htm', 'departments/environment/waste-management/bulky-goods.htm', 'departments/environment/waste-management/civic-amenity.htm', 'departments/environment/waste-management/eol-vehicles.htm', 'departments/environment/waste-management/index.htm', 'departments/environment/waste-management/waste-collection-permits.htm', 'departments/environment/waste-management/waste-tyres.htm', 'departments/environment/waterford-energy-bureau/energy-efficiency.htm', 'departments/environment/waterford-energy-bureau/index.htm', 'departments/finance/accounts-payable.htm', 'departments/finance/accounts-receivable.htm', 'departments/finance/commercial-rates.htm', 'departments/finance/commercial-rates-faq.htm', 'departments/finance/index.htm', 'departments/finance/lpt.htm', 'departments/finance/nppr.htm', 'departments/finance/procurement.htm', 'departments/finance/property-entry-level.htm', 'departments/finance/section32.htm', 'departments/housing/anti-social-behaviour.htm', 'departments/housing/choice-based-lettings.htm', 'departments/housing/energy-ratings.htm', 'departments/housing/estate-management.htm', 'departments/housing/homeless-services.htm', 'departments/housing/housing-assistance-payment.htm', 'departments/housing/housing-maintenance.htm', 'departments/housing/index.htm', 'departments/housing/local-authority-home-loan.htm', 'departments/housing/mortgage-to-rent-scheme.htm', 'departments/housing/rent.htm', 'departments/housing/rental-accommodation-scheme.htm', 'departments/housing/repair-leasing-initiative.htm', 'departments/housing/traveller-accommodation-programme.htm', 'departments/human-resources/index.htm', 'departments/human-resources/vacancies.htm', 'departments/index.htm', 'departments/library/branches/brownsrd.htm', 'departments/library/branches/dunmoreeast.htm', 'departments/library/branches/index.htm', 'departments/library/ejournals/decies/index.htm', 'departments/library/ejournals/jwseias/index.htm', 'departments/library/ejournals-ebooks.htm', 'departments/library/eudirect.htm', 'departments/library/index.htm', 'departments/library/local-newspapers.htm', 'departments/library/newspapers/waterford-news/index.htm', 'departments/library/work-matters.htm', 'departments/planning/development-contributions.htm', 'departments/planning/eiar-notices.htm', 'departments/planning/enforcement/derelict-sites.htm', 'departments/planning/enforcement/index.htm', 'departments/planning/FAQs/planning-general-faqs.htm', 'departments/planning/forward-planning/index.htm', 'departments/planning/forward-planning/local-plans.htm', 'departments/planning/forward-planning/plans/lismore.htm', 'departments/planning/forward-planning/plans/portlaw.htm', 'departments/planning/forward-planning/plans/tramore.htm', 'departments/planning/forward-planning/retail-strategy.htm', 'departments/planning/forward-planning/urban-framework.htm', 'departments/planning/forward-planning/urban-renewal.htm', 'departments/planning/index.htm', 'departments/planning/planning-enquiries/current-part8.htm', 'departments/planning/planning-enquiries/online-planning-enquiries.htm', 'departments/planning/planning-enquiries/viewing.htm', 'departments/planning/planningpermission/appealing-a-decision.htm', 'departments/planning/planningpermission/applying-for-planning-permission.htm', 'departments/planning/planningpermission/exempt.htm', 'departments/planning/planningpermission/index.htm', 'departments/planning/planningpermission/maps-plans-drawings.htm', 'departments/planning/planningpermission/preplanning-consultations.htm', 'departments/planning/planningpermission/site-notice.htm', 'departments/planning/rzlt.htm', 'departments/planning/short-term-letting.htm', 'departments/planning/vacant-sites-register.htm', 'departments/roads-parking/active-travel/index-old.htm', 'departments/roads-parking/cycling.htm', 'departments/roads-parking/flood-risk-management.htm', 'departments/roads-parking/index.htm', 'departments/roads-parking/loading-bays.htm', 'departments/roads-parking/marinas.htm', 'departments/roads-parking/motor-tax.htm', 'departments/roads-parking/parking.htm', 'departments/roads-parking/public-lighting.htm', 'departments/roads-parking/road-maintenance.htm', 'departments/roads-parking/road-safety.htm', 'departments/roads-parking/severe-weather.htm', 'departments/roads-parking/speed-limits.htm', 'departments/roads-parking/traffic-fines.htm', 'departments/water/bathing-water/bathing-water-quality.htm', 'departments/water/bathing-water/index.htm', 'departments/water/index.htm', 'departments/water/plants/dungarvan.htm', 'departments/water/related/lead-pipe-replacement.htm', 'departments/water/waste-water.htm', 'departments/water/water-quality.htm', 'departments/water/water-schemes.htm', 'departments/water/water-supply.htm', '/bringbanks'
